{
	"model": {
		"type": "range_dispatch",
		"entries": [
			{
				"model": {
					"type": "model",
					"model": "ut:item/move/character/naps/wave/4"
				},
				"threshold": 1.0
			},
			{
				"model": {
					"type": "model",
					"model": "ut:item/move/character/naps/wave/3"
				},
				"threshold": 2.0
			},
			{
				"model": {
					"type": "model",
					"model": "ut:item/move/character/naps/wave/2"
				},
				"threshold": 3.0
			},
			{
				"model": {
					"type": "model",
					"model": "ut:item/move/character/naps/wave/1"
				},
				"threshold": 4.0
			},
			{
				"model": {
					"type": "model",
					"model": "ut:item/move/character/naps/wave/0"
				},
				"threshold": 5.0
			}
		],
		"property": "custom_model_data",
		"fallback": {
			"type": "model",
			"model": "ut:item/move/character/naps/wave/0"
		}
	}
}
