{
	"credit": "Made with Blockbench",
	"textures": {
		"0": "skin/mettatonex",
		"1": "move/mtt_heart",
		"particle": "move/mtt_heart"
	},
	"elements": [
		{
			"name": "Hat",
			"from": [3.75, -0.25, 3.75],
			"to": [12.25, 8.25, 12.25],
			"faces": {
				"north": { "uv": [10, 2, 12, 4], "texture": "#0" },
				"east": { "uv": [8, 2, 10, 4], "texture": "#0" },
				"south": { "uv": [14, 2, 16, 4], "texture": "#0" },
				"west": { "uv": [12, 2, 14, 4], "texture": "#0" },
				"up": { "uv": [12, 2, 10, 0], "texture": "#0" },
				"down": { "uv": [14, 0, 12, 2], "texture": "#0" }
			}
		},
		{
			"name": "Head",
			"from": [4, 0, 4],
			"to": [12, 8, 12],
			"faces": {
				"north": { "uv": [2, 2, 4, 4], "texture": "#0" },
				"east": { "uv": [0, 2, 2, 4], "texture": "#0" },
				"south": { "uv": [6, 2, 8, 4], "texture": "#0" },
				"west": { "uv": [4, 2, 6, 4], "texture": "#0" },
				"up": { "uv": [4, 2, 2, 0], "texture": "#0" },
				"down": { "uv": [6, 0, 4, 2], "texture": "#0" }
			}
		},
		{
			"from": [7.5, -10, -2],
			"to": [8.5, -9, 2],
			"rotation": { "angle": 0, "axis": "y", "origin": [0, 0, 0] },
			"faces": {
				"north": { "uv": [0, 0, 1, 1], "texture": "#1" },
				"east": { "uv": [0, 0, 4, 1], "texture": "#1" },
				"south": { "uv": [0, 0, 1, 1], "texture": "#1" },
				"west": { "uv": [0, 0, 4, 1], "texture": "#1" },
				"up": { "uv": [0, 0, 1, 4], "rotation": 180, "texture": "#1" },
				"down": { "uv": [0, 0, 1, 4], "rotation": 180, "texture": "#1" }
			}
		},
		{
			"from": [6.5, -9, -2],
			"to": [9.5, -8, 2],
			"rotation": { "angle": 0, "axis": "y", "origin": [0, 0, 0] },
			"faces": {
				"north": { "uv": [0, 0, 3, 1], "texture": "#1" },
				"east": { "uv": [0, 0, 4, 1], "texture": "#1" },
				"south": { "uv": [0, 0, 3, 1], "texture": "#1" },
				"west": { "uv": [0, 0, 4, 1], "texture": "#1" },
				"up": { "uv": [0, 0, 3, 4], "rotation": 180, "texture": "#1" },
				"down": { "uv": [0, 0, 3, 4], "rotation": 180, "texture": "#1" }
			}
		},
		{
			"from": [5.5, -8, -2],
			"to": [10.5, -7, 2],
			"rotation": { "angle": 0, "axis": "y", "origin": [0, 0, 0] },
			"faces": {
				"north": { "uv": [0, 0, 5, 1], "texture": "#1" },
				"east": { "uv": [0, 0, 4, 1], "texture": "#1" },
				"south": { "uv": [0, 0, 5, 1], "texture": "#1" },
				"west": { "uv": [0, 0, 4, 1], "texture": "#1" },
				"up": { "uv": [0, 0, 5, 4], "rotation": 180, "texture": "#1" },
				"down": { "uv": [0, 0, 5, 4], "rotation": 180, "texture": "#1" }
			}
		},
		{
			"from": [4.5, -7, -2],
			"to": [11.5, -6, 2],
			"rotation": { "angle": 0, "axis": "y", "origin": [0, 0, 0] },
			"faces": {
				"north": { "uv": [0, 0, 7, 1], "texture": "#1" },
				"east": { "uv": [0, 0, 4, 1], "texture": "#1" },
				"south": { "uv": [0, 0, 7, 1], "texture": "#1" },
				"west": { "uv": [0, 0, 4, 1], "texture": "#1" },
				"up": { "uv": [0, 0, 7, 4], "rotation": 180, "texture": "#1" },
				"down": { "uv": [0, 0, 7, 4], "rotation": 180, "texture": "#1" }
			}
		},
		{
			"from": [9.5, -4, -2],
			"to": [11.5, -3, 2],
			"rotation": { "angle": 0, "axis": "y", "origin": [0, 0, 0] },
			"faces": {
				"north": { "uv": [0, 0, 2, 1], "texture": "#1" },
				"east": { "uv": [0, 0, 4, 1], "texture": "#1" },
				"south": { "uv": [0, 0, 2, 1], "texture": "#1" },
				"west": { "uv": [0, 0, 4, 1], "texture": "#1" },
				"up": { "uv": [0, 0, 2, 4], "rotation": 180, "texture": "#1" },
				"down": { "uv": [0, 0, 2, 4], "rotation": 180, "texture": "#1" }
			}
		},
		{
			"from": [4.5, -4, -2],
			"to": [6.5, -3, 2],
			"rotation": { "angle": 0, "axis": "y", "origin": [0, 0, 0] },
			"faces": {
				"north": { "uv": [0, 0, 2, 1], "texture": "#1" },
				"east": { "uv": [0, 0, 4, 1], "texture": "#1" },
				"south": { "uv": [0, 0, 2, 1], "texture": "#1" },
				"west": { "uv": [0, 0, 4, 1], "texture": "#1" },
				"up": { "uv": [0, 0, 2, 4], "rotation": 180, "texture": "#1" },
				"down": { "uv": [0, 0, 2, 4], "rotation": 180, "texture": "#1" }
			}
		},
		{
			"from": [3.5, -6, -2],
			"to": [12.5, -4, 2],
			"rotation": { "angle": 0, "axis": "y", "origin": [0, 0, 0] },
			"faces": {
				"north": { "uv": [0, 0, 9, 2], "texture": "#1" },
				"east": { "uv": [0, 0, 4, 2], "texture": "#1" },
				"south": { "uv": [0, 0, 9, 2], "texture": "#1" },
				"west": { "uv": [0, 0, 4, 2], "texture": "#1" },
				"up": { "uv": [0, 0, 9, 4], "rotation": 180, "texture": "#1" },
				"down": { "uv": [0, 0, 9, 4], "rotation": 180, "texture": "#1" }
			}
		},
		{
			"from": [2.5, -7, -1],
			"to": [3.5, -3, 1],
			"rotation": { "angle": 0, "axis": "y", "origin": [0, 0, 0] },
			"faces": {
				"north": { "uv": [0, 0, 1, 4], "texture": "#1" },
				"east": { "uv": [0, 0, 2, 4], "texture": "#1" },
				"south": { "uv": [0, 0, 1, 4], "texture": "#1" },
				"west": { "uv": [0, 0, 2, 4], "texture": "#1" },
				"up": { "uv": [0, 0, 1, 2], "rotation": 180, "texture": "#1" },
				"down": { "uv": [0, 0, 1, 2], "rotation": 180, "texture": "#1" }
			}
		},
		{
			"from": [3.5, -8, -1],
			"to": [4.5, -2, 1],
			"rotation": { "angle": 0, "axis": "y", "origin": [0, 0, 0] },
			"faces": {
				"north": { "uv": [0, 0, 1, 6], "texture": "#1" },
				"east": { "uv": [0, 0, 2, 6], "texture": "#1" },
				"south": { "uv": [0, 0, 1, 6], "texture": "#1" },
				"west": { "uv": [0, 0, 2, 6], "texture": "#1" },
				"up": { "uv": [0, 0, 1, 2], "rotation": 180, "texture": "#1" },
				"down": { "uv": [0, 0, 1, 2], "rotation": 180, "texture": "#1" }
			}
		},
		{
			"from": [4.5, -9, -1],
			"to": [5.5, -1, 1],
			"rotation": { "angle": 0, "axis": "y", "origin": [0, 0, 0] },
			"faces": {
				"north": { "uv": [0, 0, 1, 8], "texture": "#1" },
				"east": { "uv": [0, 0, 2, 8], "texture": "#1" },
				"south": { "uv": [0, 0, 1, 8], "texture": "#1" },
				"west": { "uv": [0, 0, 2, 8], "texture": "#1" },
				"up": { "uv": [0, 0, 1, 2], "rotation": 180, "texture": "#1" },
				"down": { "uv": [0, 0, 1, 2], "rotation": 180, "texture": "#1" }
			}
		},
		{
			"from": [5.5, -10, -1],
			"to": [6.5, -1, 1],
			"rotation": { "angle": 0, "axis": "y", "origin": [0, 0, 0] },
			"faces": {
				"north": { "uv": [0, 0, 1, 9], "texture": "#1" },
				"east": { "uv": [0, 0, 2, 9], "texture": "#1" },
				"south": { "uv": [0, 0, 1, 9], "texture": "#1" },
				"west": { "uv": [0, 0, 2, 9], "texture": "#1" },
				"up": { "uv": [0, 0, 1, 2], "rotation": 180, "texture": "#1" },
				"down": { "uv": [0, 0, 1, 2], "rotation": 180, "texture": "#1" }
			}
		},
		{
			"from": [6.5, -11, -1],
			"to": [7.5, -2, 1],
			"rotation": { "angle": 0, "axis": "y", "origin": [0, 0, 0] },
			"faces": {
				"north": { "uv": [0, 0, 1, 9], "texture": "#1" },
				"east": { "uv": [0, 0, 2, 9], "texture": "#1" },
				"south": { "uv": [0, 0, 1, 9], "texture": "#1" },
				"west": { "uv": [0, 0, 2, 9], "texture": "#1" },
				"up": { "uv": [0, 0, 1, 2], "rotation": 180, "texture": "#1" },
				"down": { "uv": [0, 0, 1, 2], "rotation": 180, "texture": "#1" }
			}
		},
		{
			"from": [12.5, -7, -1],
			"to": [13.5, -3, 1],
			"rotation": { "angle": 0, "axis": "y", "origin": [0, 0, 0] },
			"faces": {
				"north": { "uv": [0, 0, 1, 4], "texture": "#1" },
				"east": { "uv": [0, 0, 2, 4], "texture": "#1" },
				"south": { "uv": [0, 0, 1, 4], "texture": "#1" },
				"west": { "uv": [0, 0, 2, 4], "texture": "#1" },
				"up": { "uv": [0, 0, 1, 2], "texture": "#1" },
				"down": { "uv": [0, 0, 1, 2], "texture": "#1" }
			}
		},
		{
			"from": [11.5, -8, -1],
			"to": [12.5, -2, 1],
			"rotation": { "angle": 0, "axis": "y", "origin": [0, 0, 0] },
			"faces": {
				"north": { "uv": [0, 0, 1, 6], "texture": "#1" },
				"east": { "uv": [0, 0, 2, 6], "texture": "#1" },
				"south": { "uv": [0, 0, 1, 6], "texture": "#1" },
				"west": { "uv": [0, 0, 2, 6], "texture": "#1" },
				"up": { "uv": [0, 0, 1, 2], "texture": "#1" },
				"down": { "uv": [0, 0, 1, 2], "texture": "#1" }
			}
		},
		{
			"from": [10.5, -9, -1],
			"to": [11.5, -1, 1],
			"rotation": { "angle": 0, "axis": "y", "origin": [0, 0, 0] },
			"faces": {
				"north": { "uv": [0, 0, 1, 8], "texture": "#1" },
				"east": { "uv": [0, 0, 2, 8], "texture": "#1" },
				"south": { "uv": [0, 0, 1, 8], "texture": "#1" },
				"west": { "uv": [0, 0, 2, 8], "texture": "#1" },
				"up": { "uv": [0, 0, 1, 2], "texture": "#1" },
				"down": { "uv": [0, 0, 1, 2], "texture": "#1" }
			}
		},
		{
			"from": [9.5, -10, -1],
			"to": [10.5, -1, 1],
			"rotation": { "angle": 0, "axis": "y", "origin": [0, 0, 0] },
			"faces": {
				"north": { "uv": [0, 0, 1, 9], "texture": "#1" },
				"east": { "uv": [0, 0, 2, 9], "texture": "#1" },
				"south": { "uv": [0, 0, 1, 9], "texture": "#1" },
				"west": { "uv": [0, 0, 2, 9], "texture": "#1" },
				"up": { "uv": [0, 0, 1, 2], "texture": "#1" },
				"down": { "uv": [0, 0, 1, 2], "texture": "#1" }
			}
		},
		{
			"from": [8.5, -11, -1],
			"to": [9.5, -2, 1],
			"rotation": { "angle": 0, "axis": "y", "origin": [0, 0, 0] },
			"faces": {
				"north": { "uv": [0, 0, 1, 9], "texture": "#1" },
				"east": { "uv": [0, 0, 2, 9], "texture": "#1" },
				"south": { "uv": [0, 0, 1, 9], "texture": "#1" },
				"west": { "uv": [0, 0, 2, 9], "texture": "#1" },
				"up": { "uv": [0, 0, 1, 2], "texture": "#1" },
				"down": { "uv": [0, 0, 1, 2], "texture": "#1" }
			}
		},
		{
			"from": [7.5, -12, -1],
			"to": [8.5, -3, 1],
			"rotation": { "angle": 0, "axis": "y", "origin": [0, 0, 0] },
			"faces": {
				"north": { "uv": [0, 0, 1, 9], "texture": "#1" },
				"east": { "uv": [0, 0, 2, 9], "texture": "#1" },
				"south": { "uv": [0, 0, 1, 9], "texture": "#1" },
				"west": { "uv": [0, 0, 2, 9], "texture": "#1" },
				"up": { "uv": [0, 0, 1, 2], "texture": "#1" },
				"down": { "uv": [0, 0, 1, 2], "texture": "#1" }
			}
		}
	],
	"display": {
		"thirdperson_righthand": {
			"rotation": [45, 45, 0],
			"translation": [0, 3, 0],
			"scale": [0.5, 0.5, 0.5]
		},
		"thirdperson_lefthand": {
			"rotation": [45, 45, 0],
			"translation": [0, 3, 0],
			"scale": [0.5, 0.5, 0.5]
		},
		"firstperson_righthand": {
			"rotation": [0, 1, 0],
			"translation": [0, 4.2, 1.13],
			"scale": [0.68, 0.68, 0.68]
		},
		"firstperson_lefthand": {
			"rotation": [0, 1, 0],
			"translation": [0, 4.2, 1.13],
			"scale": [0.68, 0.68, 0.68]
		},
		"ground": {
			"translation": [0, 3, 0],
			"scale": [0.5, 0.5, 0.5]
		},
		"gui": {
			"rotation": [30, -135, 0],
			"translation": [0, 3, 0]
		},
		"head": {
			"translation": [0, 8.7, 0],
			"scale": [1.9, 1.9, 1.9]
		},
		"fixed": {
			"translation": [0, 4, 0]
		}
	},
	"groups": [
		{
			"name": "pufferfish",
			"origin": [8, 8, 8],
			"children": [0, 1]
		},
		2,
		3,
		4,
		5,
		6,
		7,
		8,
		9,
		10,
		11,
		12,
		13,
		14,
		15,
		16,
		17,
		18,
		19
	]
}
