{
	"credit": "Made with Blockbench",
	"parent": "ut:head/basic",
	"textures": {
		"0": "skin/undyne_armor",
		"1": "skin/undyne_armor_extra",
		"particle": "skin/undyne_armor_extra"
	},
	"elements": [
		{
			"name": "Hat",
			"from": [3.75, -0.25, 3.75],
			"to": [12.25, 8.25, 12.25],
			"rotation": { "angle": 0, "axis": "y", "origin": [0, 0, -0.25] },
			"faces": {
				"north": { "uv": [10, 2, 12, 4], "texture": "#0" },
				"east": { "uv": [8, 2, 10, 4], "texture": "#0" },
				"south": { "uv": [14, 2, 16, 4], "texture": "#0" },
				"west": { "uv": [12, 2, 14, 4], "texture": "#0" },
				"up": { "uv": [12, 2, 10, 0], "texture": "#0" },
				"down": { "uv": [14, 0, 12, 2], "texture": "#0" }
			}
		},
		{
			"name": "Head",
			"from": [4, 0, 4],
			"to": [12, 8, 12],
			"faces": {
				"north": { "uv": [2, 2, 4, 4], "texture": "#0" },
				"east": { "uv": [0, 2, 2, 4], "texture": "#0" },
				"south": { "uv": [6, 2, 8, 4], "texture": "#0" },
				"west": { "uv": [4, 2, 6, 4], "texture": "#0" },
				"up": { "uv": [4, 2, 2, 0], "texture": "#0" },
				"down": { "uv": [6, 0, 4, 2], "texture": "#0" }
			}
		},
		{
			"from": [6.9, 7.25, 4.5],
			"to": [9.1, 11.25, 8.5],
			"rotation": { "angle": 22.5, "axis": "x", "origin": [8, 10, 5.75] },
			"faces": {
				"north": { "uv": [4, 0, 6, 4], "texture": "#1" },
				"east": { "uv": [0, 0, 4, 4], "texture": "#1" },
				"south": { "uv": [4, 4, 6, 8], "texture": "#1" },
				"west": { "uv": [0, 4, 4, 8], "texture": "#1" },
				"up": { "uv": [8, 4, 6, 0], "texture": "#1" },
				"down": { "uv": [8, 4, 6, 8], "texture": "#1" }
			}
		}
	],
	"display": {
		"thirdperson_righthand": {
			"rotation": [45, 45, 0],
			"translation": [0, 3, 0],
			"scale": [0.5, 0.5, 0.5]
		},
		"thirdperson_lefthand": {
			"rotation": [45, 45, 0],
			"translation": [0, 3, 0],
			"scale": [0.5, 0.5, 0.5]
		},
		"ground": {
			"translation": [0, 3, 0],
			"scale": [0.5, 0.5, 0.5]
		},
		"gui": {
			"rotation": [30, -135, 0],
			"translation": [0, 3, 0]
		},
		"head": {
			"translation": [0, 8.7, 0],
			"scale": [1.9, 1.9, 1.9]
		},
		"fixed": {
			"translation": [0, 4, 0]
		}
	},
	"groups": [
		{
			"name": "basic",
			"origin": [8, 8, 8],
			"color": 0,
			"children": [0, 1]
		},
		2
	]
}
