{
	"providers": [
		{
			"type": "bitmap",
			"file": "hud:competitive/background.png",
			"height": 100,
			"ascent": 26,
			"chars": ["\uF000"]
		},
		{
			"type": "bitmap",
			"file": "hud:competitive/timer.png",
			"height": 13,
			"ascent": 1,
			"chars": ["\uF001"]
		},
		{
			"type": "bitmap",
			"file": "hud:competitive/banned.png",
			"height": 13,
			"ascent": 9,
			"chars": ["\uF002"]
		},
		{
			"type": "bitmap",
			"file": "hud:competitive/arena.png",
			"height": 13,
			"ascent": -7,
			"chars": ["\uF003"]
		}
	]
}
