{
    "providers": [
        {
            "type": "bitmap",
            "file": "hud:new_ui/background.png",
            "ascent": 17,
            "height": 20,
            "chars": ["\uF000"]
        },
        {
            "type": "bitmap",
            "file": "hud:new_ui/background2.png",
            "ascent": -16,
            "height": 5,
            "chars": ["\uF001"]
        },
        {
            "type": "bitmap",
            "file": "hud:new_ui/overlay.png",
            "ascent": 17,
            "height": 20,
            "chars": ["\uF101","\uF102","\uF103","\uF104","\uF105"]
        }
    ]
}