{
	"model": {
		"type": "range_dispatch",
		"entries": [
			{
				"model": { "type": "model", "model": "ut:hud/flat1" },
				"threshold": 1.0
			},
			{
				"model": { "type": "model", "model": "ut:hud/flat2" },
				"threshold": 2.0
			},
			{
				"model": { "type": "model", "model": "ut:hud/flat3" },
				"threshold": 3.0
			},
			{
				"model": { "type": "model", "model": "ut:hud/flat4" },
				"threshold": 4.0
			},
			{
				"model": { "type": "model", "model": "ut:hud/flat5" },
				"threshold": 5.0
			},
			{
				"model": { "type": "model", "model": "ut:hud/flat6" },
				"threshold": 6.0
			},
			{
				"model": { "type": "model", "model": "ut:hud/flat7" },
				"threshold": 7.0
			},
			{
				"model": { "type": "model", "model": "ut:hud/flat8" },
				"threshold": 8.0
			},
			{
				"model": { "type": "model", "model": "ut:hud/flat9" },
				"threshold": 9.0
			},
			{
				"model": { "type": "model", "model": "ut:hud/flat10" },
				"threshold": 10.0
			},
			{
				"model": { "type": "model", "model": "ut:item/default/layer1" },
				"threshold": 11.0
			},
			{
				"model": { "type": "model", "model": "ut:item/default/layer2" },
				"threshold": 12.0
			},
			{
				"model": { "type": "model", "model": "ut:item/default/layer3" },
				"threshold": 13.0
			},
			{
				"model": { "type": "model", "model": "ut:item/default/layer4" },
				"threshold": 14.0
			},
			{
				"model": { "type": "model", "model": "ut:item/default/layer5" },
				"threshold": 15.0
			},
			{
				"model": { "type": "model", "model": "ut:item/default/layer6" },
				"threshold": 16.0
			},
			{
				"model": { "type": "model", "model": "ut:item/default/layer7" },
				"threshold": 17.0
			},
			{
				"model": { "type": "model", "model": "ut:item/default/layer8" },
				"threshold": 18.0
			},
			{
				"model": { "type": "model", "model": "ut:item/default/layer9" },
				"threshold": 19.0
			},
			{
				"model": {
					"type": "model",
					"model": "ut:item/default/layer10"
				},
				"threshold": 20.0
			},
			{
				"model": { "type": "model", "model": "ut:hud/flat11" },
				"threshold": 21.0
			},
			{
				"model": {
					"type": "model",
					"model": "ut:item/default/layer24"
				},
				"threshold": 24.0
			},
			{
				"model": {
					"type": "model",
					"model": "ut:item/default/layer25"
				},
				"threshold": 25.0
			},
			{
				"model": {
					"type": "model",
					"model": "ut:item/default/layer26"
				},
				"threshold": 26.0
			},
			{
				"model": {
					"type": "model",
					"model": "ut:item/default/layer27"
				},
				"threshold": 27.0
			}
		],
		"property": "custom_model_data",
		"fallback": {
			"type": "model",
			"model": "ut:item/move/character/sans/gaster_blaster/main"
		}
	}
}
