{
	"model": {
		"type": "range_dispatch",
		"entries": [
			{
				"model": {
					"type": "model",
					"model": "ut:map/last_corridor"
				},
				"threshold": 1.0
			},
			{
				"model": {
					"type": "model",
					"model": "ut:map/new_home"
				},
				"threshold": 2.0
			},
			{
				"model": {
					"type": "model",
					"model": "ut:map/garbage_dump"
				},
				"threshold": 3.0
			},
			{
				"model": {
					"type": "model",
					"model": "ut:map/snowdin_forest"
				},
				"threshold": 4.0
			},
			{
				"model": {
					"type": "model",
					"model": "ut:map/quiet_water"
				},
				"threshold": 5.0
			},
			{
				"model": {
					"type": "model",
					"model": "ut:map/lava_islands"
				},
				"threshold": 6.0
			},
			{
				"model": {
					"type": "model",
					"model": "ut:map/ruins_siege"
				},
				"threshold": 7.0
			}
		],
		"property": "custom_model_data",
		"fallback": {
			"type": "model",
			"model": "item/ender_pearl"
		}
	}
}
