{
	"model": {
		"type": "range_dispatch",
		"entries": [
			{
				"model": {
					"type": "model",
					"model": "ut:item/move/character/muffet/cupcake/0"
				},
				"threshold": 1.0
			},
			{
				"model": {
					"type": "model",
					"model": "ut:item/move/character/muffet/cupcake/1"
				},
				"threshold": 2.0
			},
			{
				"model": {
					"type": "model",
					"model": "ut:item/move/character/muffet/cupcake/2"
				},
				"threshold": 3.0
			},
			{
				"model": {
					"type": "model",
					"model": "ut:item/move/character/muffet/cupcake/3"
				},
				"threshold": 4.0
			},
			{
				"model": {
					"type": "model",
					"model": "ut:item/move/character/muffet/cupcake/f"
				},
				"threshold": 5.0
			},
			{
				"model": {
					"type": "model",
					"model": "ut:item/move/character/muffet/cupcake/d"
				},
				"threshold": 6.0
			}
		],
		"property": "custom_model_data",
		"fallback": {
			"type": "model",
			"model": "ut:item/move/character/muffet/cupcake/5"
		}
	}
}
