{
	"credit": "Made with Blockbench",
	"textures": {
		"0": "move/vine",
		"1": "move/golden_flower",
		"particle": "move/vine"
	},
	"elements": [
		{
			"from": [6.5, -4, 5.5],
			"to": [9.5, 2, 10.5],
			"faces": {
				"north": { "uv": [0, 0, 3, 6], "texture": "#0" },
				"east": { "uv": [0, 0, 5, 6], "texture": "#0" },
				"south": { "uv": [0, 0, 3, 6], "texture": "#0" },
				"west": { "uv": [0, 0, 5, 6], "texture": "#0" },
				"up": { "uv": [0, 0, 3, 5], "texture": "#0" },
				"down": { "uv": [0, 0, 3, 5], "texture": "#0" }
			}
		},
		{
			"from": [5.5, -4, 6.5],
			"to": [10.5, 2, 9.5],
			"faces": {
				"north": { "uv": [0, 0, 5, 6], "texture": "#0" },
				"east": { "uv": [0, 0, 3, 6], "texture": "#0" },
				"south": { "uv": [0, 0, 5, 6], "texture": "#0" },
				"west": { "uv": [0, 0, 3, 6], "texture": "#0" },
				"up": { "uv": [0, 0, 5, 3], "texture": "#0" },
				"down": { "uv": [0, 0, 5, 3], "texture": "#0" }
			}
		},
		{
			"from": [4.5, -10, 6.5],
			"to": [9.5, -4, 9.5],
			"faces": {
				"north": { "uv": [0, 0, 5, 6], "texture": "#0" },
				"east": { "uv": [0, 0, 3, 6], "texture": "#0" },
				"south": { "uv": [0, 0, 5, 6], "texture": "#0" },
				"west": { "uv": [0, 0, 3, 6], "texture": "#0" },
				"up": { "uv": [0, 0, 5, 3], "texture": "#0" },
				"down": { "uv": [0, 0, 5, 3], "texture": "#0" }
			}
		},
		{
			"from": [5.5, -10, 5.5],
			"to": [8.5, -4, 10.5],
			"faces": {
				"north": { "uv": [0, 0, 3, 6], "texture": "#0" },
				"east": { "uv": [0, 0, 5, 6], "texture": "#0" },
				"south": { "uv": [0, 0, 3, 6], "texture": "#0" },
				"west": { "uv": [0, 0, 5, 6], "texture": "#0" },
				"up": { "uv": [0, 0, 3, 5], "texture": "#0" },
				"down": { "uv": [0, 0, 3, 5], "texture": "#0" }
			}
		},
		{
			"from": [6.5, -16, 5.5],
			"to": [9.5, -10, 10.5],
			"faces": {
				"north": { "uv": [0, 0, 3, 6], "texture": "#0" },
				"east": { "uv": [0, 0, 5, 6], "texture": "#0" },
				"south": { "uv": [0, 0, 3, 6], "texture": "#0" },
				"west": { "uv": [0, 0, 5, 6], "texture": "#0" },
				"up": { "uv": [0, 0, 3, 5], "texture": "#0" },
				"down": { "uv": [0, 0, 3, 5], "texture": "#0" }
			}
		},
		{
			"from": [5.5, -16, 6.5],
			"to": [10.5, -10, 9.5],
			"faces": {
				"north": { "uv": [0, 0, 5, 6], "texture": "#0" },
				"east": { "uv": [0, 0, 3, 6], "texture": "#0" },
				"south": { "uv": [0, 0, 5, 6], "texture": "#0" },
				"west": { "uv": [0, 0, 3, 6], "texture": "#0" },
				"up": { "uv": [0, 0, 5, 3], "texture": "#0" },
				"down": { "uv": [0, 0, 5, 3], "texture": "#0" }
			}
		},
		{
			"from": [-4, 1.5, 5],
			"to": [-2, 2.5, 11],
			"rotation": { "angle": -22.5, "axis": "z", "origin": [8, 2.5, 8] },
			"faces": {
				"north": { "uv": [14, 0, 16, 1], "texture": "#1" },
				"east": { "uv": [0, 0, 6, 1], "texture": "#1" },
				"south": { "uv": [14, 0, 16, 1], "texture": "#1" },
				"west": { "uv": [10, 0, 16, 1], "texture": "#1" },
				"up": { "uv": [10, 0, 16, 2], "rotation": 90, "texture": "#1" },
				"down": {
					"uv": [10, 0, 16, 2],
					"rotation": 270,
					"texture": "#1"
				}
			}
		},
		{
			"from": [-2, 1, 5],
			"to": [6, 2, 11],
			"rotation": { "angle": -22.5, "axis": "z", "origin": [8, 2.5, 8] },
			"faces": {
				"north": { "uv": [6, 0, 16, 1], "texture": "#1" },
				"east": { "uv": [0, 0, 6, 1], "texture": "#1" },
				"south": { "uv": [6, 0, 16, 1], "texture": "#1" },
				"west": { "uv": [0, 9.5, 6, 10.5], "texture": "#1" },
				"up": { "uv": [0, 0, 6, 10], "rotation": 90, "texture": "#1" },
				"down": {
					"uv": [10, 0, 16, 10],
					"rotation": 270,
					"texture": "#1"
				}
			}
		},
		{
			"from": [-3, 1.5, 11],
			"to": [5, 2.5, 12],
			"rotation": { "angle": -22.5, "axis": "z", "origin": [8, 2.5, 8] },
			"faces": {
				"north": { "uv": [8, 0, 16, 1], "texture": "#1" },
				"east": { "uv": [15, 0, 16, 1], "texture": "#1" },
				"south": { "uv": [8, 0, 16, 1], "texture": "#1" },
				"west": { "uv": [15, 0, 16, 1], "texture": "#1" },
				"up": { "uv": [15, 0, 16, 8], "rotation": 90, "texture": "#1" },
				"down": {
					"uv": [15, 0, 16, 8],
					"rotation": 270,
					"texture": "#1"
				}
			}
		},
		{
			"from": [-3, 1.5, 4],
			"to": [5, 2.5, 5],
			"rotation": { "angle": -22.5, "axis": "z", "origin": [8, 2.5, 8] },
			"faces": {
				"north": { "uv": [8, 0, 16, 1], "texture": "#1" },
				"east": { "uv": [15, 0, 16, 1], "texture": "#1" },
				"south": { "uv": [8, 0, 16, 1], "texture": "#1" },
				"west": { "uv": [15, 0, 16, 1], "texture": "#1" },
				"up": { "uv": [15, 0, 16, 8], "rotation": 90, "texture": "#1" },
				"down": {
					"uv": [15, 0, 16, 8],
					"rotation": 270,
					"texture": "#1"
				}
			}
		},
		{
			"from": [18, 1.5, 5],
			"to": [20, 2.5, 11],
			"rotation": { "angle": 22.5, "axis": "z", "origin": [8, 2.5, 8] },
			"faces": {
				"north": { "uv": [14, 0, 16, 1], "texture": "#1" },
				"east": { "uv": [10, 0, 16, 1], "texture": "#1" },
				"south": { "uv": [14, 0, 16, 1], "texture": "#1" },
				"west": { "uv": [0, 0, 6, 1], "texture": "#1" },
				"up": {
					"uv": [10, 0, 16, 2],
					"rotation": 270,
					"texture": "#1"
				},
				"down": {
					"uv": [10, 0, 16, 2],
					"rotation": 90,
					"texture": "#1"
				}
			}
		},
		{
			"from": [10, 1, 5],
			"to": [18, 2, 11],
			"rotation": { "angle": 22.5, "axis": "z", "origin": [8, 2.5, 8] },
			"faces": {
				"north": { "uv": [6, 0, 16, 1], "texture": "#1" },
				"east": { "uv": [0, 9.5, 6, 10.5], "texture": "#1" },
				"south": { "uv": [6, 0, 16, 1], "texture": "#1" },
				"west": { "uv": [0, 0, 6, 1], "texture": "#1" },
				"up": { "uv": [0, 0, 6, 10], "rotation": 270, "texture": "#1" },
				"down": {
					"uv": [10, 0, 16, 10],
					"rotation": 90,
					"texture": "#1"
				}
			}
		},
		{
			"from": [11, 1.5, 4],
			"to": [19, 2.5, 5],
			"rotation": { "angle": 22.5, "axis": "z", "origin": [8, 2.5, 8] },
			"faces": {
				"north": { "uv": [8, 0, 16, 1], "texture": "#1" },
				"east": { "uv": [15, 0, 16, 1], "texture": "#1" },
				"south": { "uv": [8, 0, 16, 1], "texture": "#1" },
				"west": { "uv": [15, 0, 16, 1], "texture": "#1" },
				"up": {
					"uv": [15, 0, 16, 8],
					"rotation": 270,
					"texture": "#1"
				},
				"down": {
					"uv": [15, 0, 16, 8],
					"rotation": 90,
					"texture": "#1"
				}
			}
		},
		{
			"from": [11, 1.5, 11],
			"to": [19, 2.5, 12],
			"rotation": { "angle": 22.5, "axis": "z", "origin": [8, 2.5, 8] },
			"faces": {
				"north": { "uv": [8, 0, 16, 1], "texture": "#1" },
				"east": { "uv": [15, 0, 16, 1], "texture": "#1" },
				"south": { "uv": [8, 0, 16, 1], "texture": "#1" },
				"west": { "uv": [15, 0, 16, 1], "texture": "#1" },
				"up": {
					"uv": [15, 0, 16, 8],
					"rotation": 270,
					"texture": "#1"
				},
				"down": {
					"uv": [15, 0, 16, 8],
					"rotation": 90,
					"texture": "#1"
				}
			}
		},
		{
			"from": [5, 1.5, -4],
			"to": [11, 2.5, -2],
			"rotation": { "angle": 22.5, "axis": "x", "origin": [8, 2.5, 8] },
			"faces": {
				"north": { "uv": [10, 0, 16, 1], "texture": "#1" },
				"east": { "uv": [14, 0, 16, 1], "texture": "#1" },
				"south": { "uv": [0, 0, 6, 1], "texture": "#1" },
				"west": { "uv": [14, 0, 16, 1], "texture": "#1" },
				"up": {
					"uv": [10, 0, 16, 2],
					"rotation": 180,
					"texture": "#1"
				},
				"down": {
					"uv": [10, 0, 16, 2],
					"rotation": 180,
					"texture": "#1"
				}
			}
		},
		{
			"from": [5, 1, -2],
			"to": [11, 2, 6],
			"rotation": { "angle": 22.5, "axis": "x", "origin": [8, 2.5, 8] },
			"faces": {
				"north": { "uv": [0, 9.5, 6, 10.5], "texture": "#1" },
				"east": { "uv": [6, 0, 16, 1], "texture": "#1" },
				"south": { "uv": [0, 0, 6, 1], "texture": "#1" },
				"west": { "uv": [6, 0, 16, 1], "texture": "#1" },
				"up": { "uv": [0, 0, 6, 10], "rotation": 180, "texture": "#1" },
				"down": {
					"uv": [10, 0, 16, 10],
					"rotation": 180,
					"texture": "#1"
				}
			}
		},
		{
			"from": [4, 1.5, -3],
			"to": [5, 2.5, 5],
			"rotation": { "angle": 22.5, "axis": "x", "origin": [8, 2.5, 8] },
			"faces": {
				"north": { "uv": [15, 0, 16, 1], "texture": "#1" },
				"east": { "uv": [8, 0, 16, 1], "texture": "#1" },
				"south": { "uv": [15, 0, 16, 1], "texture": "#1" },
				"west": { "uv": [8, 0, 16, 1], "texture": "#1" },
				"up": {
					"uv": [15, 0, 16, 8],
					"rotation": 180,
					"texture": "#1"
				},
				"down": {
					"uv": [15, 0, 16, 8],
					"rotation": 180,
					"texture": "#1"
				}
			}
		},
		{
			"from": [11, 1.5, -3],
			"to": [12, 2.5, 5],
			"rotation": { "angle": 22.5, "axis": "x", "origin": [8, 2.5, 8] },
			"faces": {
				"north": { "uv": [15, 0, 16, 1], "texture": "#1" },
				"east": { "uv": [8, 0, 16, 1], "texture": "#1" },
				"south": { "uv": [15, 0, 16, 1], "texture": "#1" },
				"west": { "uv": [8, 0, 16, 1], "texture": "#1" },
				"up": {
					"uv": [15, 0, 16, 8],
					"rotation": 180,
					"texture": "#1"
				},
				"down": {
					"uv": [15, 0, 16, 8],
					"rotation": 180,
					"texture": "#1"
				}
			}
		},
		{
			"from": [5, 1.5, 18],
			"to": [11, 2.5, 20],
			"rotation": { "angle": -22.5, "axis": "x", "origin": [8, 2.5, 8] },
			"faces": {
				"north": { "uv": [0, 0, 6, 1], "texture": "#1" },
				"east": { "uv": [14, 0, 16, 1], "texture": "#1" },
				"south": { "uv": [10, 0, 16, 1], "texture": "#1" },
				"west": { "uv": [14, 0, 16, 1], "texture": "#1" },
				"up": { "uv": [10, 0, 16, 2], "texture": "#1" },
				"down": { "uv": [10, 0, 16, 2], "texture": "#1" }
			}
		},
		{
			"from": [5, 1, 10],
			"to": [11, 2, 18],
			"rotation": { "angle": -22.5, "axis": "x", "origin": [8, 2.5, 8] },
			"faces": {
				"north": { "uv": [0, 0, 6, 1], "texture": "#1" },
				"east": { "uv": [6, 0, 16, 1], "texture": "#1" },
				"south": { "uv": [0, 9.5, 6, 10.5], "texture": "#1" },
				"west": { "uv": [6, 0, 16, 1], "texture": "#1" },
				"up": { "uv": [0, 0, 6, 10], "texture": "#1" },
				"down": { "uv": [10, 0, 16, 10], "texture": "#1" }
			}
		},
		{
			"from": [11, 1.5, 11],
			"to": [12, 2.5, 19],
			"rotation": { "angle": -22.5, "axis": "x", "origin": [8, 2.5, 8] },
			"faces": {
				"north": { "uv": [15, 0, 16, 1], "texture": "#1" },
				"east": { "uv": [8, 0, 16, 1], "texture": "#1" },
				"south": { "uv": [15, 0, 16, 1], "texture": "#1" },
				"west": { "uv": [8, 0, 16, 1], "texture": "#1" },
				"up": { "uv": [15, 0, 16, 8], "texture": "#1" },
				"down": { "uv": [15, 0, 16, 8], "texture": "#1" }
			}
		},
		{
			"from": [4, 1.5, 11],
			"to": [5, 2.5, 19],
			"rotation": { "angle": -22.5, "axis": "x", "origin": [8, 2.5, 8] },
			"faces": {
				"north": { "uv": [15, 0, 16, 1], "texture": "#1" },
				"east": { "uv": [8, 0, 16, 1], "texture": "#1" },
				"south": { "uv": [15, 0, 16, 1], "texture": "#1" },
				"west": { "uv": [8, 0, 16, 1], "texture": "#1" },
				"up": { "uv": [15, 0, 16, 8], "texture": "#1" },
				"down": { "uv": [15, 0, 16, 8], "texture": "#1" }
			}
		},
		{
			"from": [5.5, 2, 5.5],
			"to": [10.5, 3, 10.5],
			"faces": {
				"up": { "uv": [11, 11, 16, 16], "texture": "#1" },
				"down": { "uv": [0, 0, 5, 5], "texture": "#0" }
			}
		}
	],
	"display": {
		"gui": {
			"rotation": [30, 61, 0],
			"translation": [0, 4.5, 0],
			"scale": [0.53, 0.53, 0.53]
		},
		"head": {
			"translation": [0, -21.5, 0],
			"scale": [4, 4, 4]
		}
	},
	"groups": [
		0,
		1,
		2,
		3,
		4,
		5,
		{
			"name": "group2",
			"origin": [9, 0.5, 8],
			"children": [6, 7, 8, 9]
		},
		{
			"name": "group3",
			"origin": [9, 0.5, 8],
			"children": [10, 11, 12, 13]
		},
		{
			"name": "group4",
			"origin": [9, 0.5, 8],
			"children": [14, 15, 16, 17]
		},
		{
			"name": "group5",
			"origin": [9, 0.5, 8],
			"children": [18, 19, 20, 21]
		},
		22
	]
}
