{
	"credit": "Made with Blockbench",
	"textures": {
		"1": "move/m_heart",
		"particle": "move/m_heart"
	},
	"elements": [
		{
			"from": [4.78553, -1, 4.88173],
			"to": [9.78553, 1, 12.88173],
			"rotation": {
				"angle": -45,
				"axis": "y",
				"origin": [8.03553, 0, 8.13173]
			},
			"faces": {
				"north": { "uv": [0, 0, 5, 2], "texture": "#1" },
				"east": { "uv": [0, 0, 8, 2], "texture": "#1" },
				"south": { "uv": [0, 0, 5, 2], "texture": "#1" },
				"west": { "uv": [0, 0, 8, 2], "texture": "#1" },
				"up": { "uv": [0, 0, 5, 8], "texture": "#1" },
				"down": { "uv": [0, 0, 5, 8], "texture": "#1" }
			}
		},
		{
			"from": [9.78553, -1, 4.88173],
			"to": [12.78553, 1, 9.88173],
			"rotation": {
				"angle": -45,
				"axis": "y",
				"origin": [8.03553, 0, 8.13173]
			},
			"faces": {
				"north": { "uv": [0, 0, 3, 2], "texture": "#1" },
				"east": { "uv": [0, 0, 5, 2], "texture": "#1" },
				"south": { "uv": [0, 0, 3, 2], "texture": "#1" },
				"west": { "uv": [0, 0, 5, 2], "texture": "#1" },
				"up": { "uv": [0, 0, 3, 5], "texture": "#1" },
				"down": { "uv": [0, 0, 3, 5], "texture": "#1" }
			}
		},
		{
			"from": [5.78553, -2, 5.88173],
			"to": [8.78553, 2, 11.88173],
			"rotation": {
				"angle": -45,
				"axis": "y",
				"origin": [8.03553, 0, 8.13173]
			},
			"faces": {
				"north": { "uv": [0, 0, 3, 4], "texture": "#1" },
				"east": { "uv": [0, 0, 6, 4], "texture": "#1" },
				"south": { "uv": [0, 0, 3, 4], "texture": "#1" },
				"west": { "uv": [0, 0, 6, 4], "texture": "#1" },
				"up": { "uv": [0, 0, 3, 6], "texture": "#1" },
				"down": { "uv": [0, 0, 3, 6], "texture": "#1" }
			}
		},
		{
			"from": [8.78553, -2, 5.88173],
			"to": [11.78553, 2, 8.88173],
			"rotation": {
				"angle": -45,
				"axis": "y",
				"origin": [8.03553, 0, 8.13173]
			},
			"faces": {
				"north": { "uv": [0, 0, 3, 4], "texture": "#1" },
				"east": { "uv": [0, 0, 3, 4], "texture": "#1" },
				"south": { "uv": [0, 0, 3, 4], "texture": "#1" },
				"west": { "uv": [0, 0, 3, 4], "texture": "#1" },
				"up": { "uv": [0, 0, 3, 3], "texture": "#1" },
				"down": { "uv": [0, 0, 3, 3], "texture": "#1" }
			}
		},
		{
			"from": [9.48, 0.5, 6.75],
			"to": [10.48, 2.5, 9.75],
			"faces": {
				"north": { "uv": [15, 15, 16, 16], "texture": "#1" },
				"east": { "uv": [13, 15, 16, 16], "texture": "#1" },
				"south": { "uv": [15, 15, 16, 16], "texture": "#1" },
				"west": { "uv": [13, 15, 16, 16], "texture": "#1" },
				"up": { "uv": [15, 13, 16, 16], "texture": "#1" },
				"down": { "uv": [15, 13, 16, 16], "texture": "#1" }
			}
		},
		{
			"from": [7.5, 0.5, 8.75],
			"to": [10.5, 2.5, 9.75],
			"rotation": { "angle": -45, "axis": "y", "origin": [10, 2, 8.5] },
			"faces": {
				"north": { "uv": [13, 15, 16, 16], "texture": "#1" },
				"east": { "uv": [15, 15, 16, 16], "texture": "#1" },
				"south": { "uv": [13, 15, 16, 16], "texture": "#1" },
				"west": { "uv": [15, 15, 16, 16], "texture": "#1" },
				"up": {
					"uv": [15, 13, 16, 16],
					"rotation": 270,
					"texture": "#1"
				},
				"down": {
					"uv": [15, 13, 16, 16],
					"rotation": 90,
					"texture": "#1"
				}
			}
		},
		{
			"from": [7.5, 0.5, 9.75],
			"to": [8.5, 2.5, 11.75],
			"rotation": { "angle": -45, "axis": "y", "origin": [10, 2, 8.5] },
			"faces": {
				"north": { "uv": [15, 15, 16, 16], "texture": "#1" },
				"east": { "uv": [13, 15, 16, 16], "texture": "#1" },
				"south": { "uv": [15, 15, 16, 16], "texture": "#1" },
				"west": { "uv": [13, 15, 16, 16], "texture": "#1" },
				"up": { "uv": [15, 13, 16, 16], "texture": "#1" },
				"down": { "uv": [15, 13, 16, 16], "texture": "#1" }
			}
		},
		{
			"from": [5.63, 0.5, 6.75],
			"to": [6.63, 2.5, 9.75],
			"faces": {
				"north": { "uv": [15, 15, 16, 16], "texture": "#1" },
				"east": { "uv": [13, 15, 16, 16], "texture": "#1" },
				"south": { "uv": [15, 15, 16, 16], "texture": "#1" },
				"west": { "uv": [13, 15, 16, 16], "texture": "#1" },
				"up": { "uv": [15, 13, 16, 16], "texture": "#1" },
				"down": { "uv": [15, 13, 16, 16], "texture": "#1" }
			}
		}
	],
	"display": {
		"thirdperson_righthand": {
			"rotation": [-90, 0, 0],
			"translation": [0, 1, -2.5],
			"scale": [0.47, 0.47, 0.47]
		},
		"thirdperson_lefthand": {
			"rotation": [-90, 0, 0],
			"translation": [0, 1, -2.5],
			"scale": [0.47, 0.47, 0.47]
		},
		"firstperson_righthand": {
			"rotation": [73, 180, -24],
			"translation": [-0.5, 2.5, 3.25],
			"scale": [0.83, 0.83, 0.83]
		},
		"firstperson_lefthand": {
			"rotation": [73, 180, -24],
			"translation": [-0.5, 2.5, 3.25],
			"scale": [0.83, 0.83, 0.83]
		},
		"ground": {
			"translation": [0, 6.75, 0]
		},
		"gui": {
			"rotation": [30, 153, 0],
			"translation": [-0.5, 5, 1.5]
		},
		"head": {
			"translation": [0, -29, 0],
			"scale": [2, 2, 2]
		},
		"fixed": {
			"rotation": [-90, 0, 0],
			"translation": [0, 0, -9]
		}
	}
}
