{	
	"music.1": {
		"sounds": [
			{
				"name": "ut:music/1",
				"volume": 1,
				"preload": true,
				"stream": true
			}
		]
	},
	"music.2": {
		"sounds": [
			{
				"name": "ut:music/2",
				"volume": 1,
				"preload": true,
				"stream": true
			}
		]
	},
	"music.3": {
		"sounds": [
			{
				"name": "ut:music/3",
				"volume": 1,
				"preload": true,
				"stream": true
			}
		]
	},
	"music.4": {
		"sounds": [
			{
				"name": "ut:music/4",
				"volume": 1,
				"preload": true,
				"stream": true
			}
		]
	},
	"music.5": {
		"sounds": [
			{
				"name": "ut:music/5",
				"volume": 1,
				"preload": true,
				"stream": true
			}
		]
	},
	"music.6": {
		"sounds": [
			{
				"name": "ut:music/6",
				"volume": 1,
				"preload": true,
				"stream": true
			}
		]
	},
	"music.7": {
		"sounds": [
			{
				"name": "ut:music/7",
				"volume": 1,
				"preload": true,
				"stream": true
			}
		]
	},
	"music.8": {
		"sounds": [
			{
				"name": "ut:music/8",
				"volume": 1,
				"preload": true,
				"stream": true
			}
		]
	},
	"music.9": {
		"sounds": [
			{
				"name": "ut:music/9",
				"volume": 1,
				"preload": true,
				"stream": true
			}
		]
	},
	"music.10": {
		"sounds": [
			{
				"name": "ut:music/10",
				"volume": 1,
				"preload": true,
				"stream": true
			}
		]
	}
}
