{
	"credit": "Made with Blockbench",
	"textures": {
		"0": "move/cupcake_1_2",
		"1": "move/cupcake_2_2",
		"2": "move/cupcake_3_2",
		"3": "move/cupcake_4_2",
		"particle": "move/cupcake_1_2"
	},
	"elements": [
		{
			"from": [1, 0, 3],
			"to": [15, 6, 13],
			"faces": {
				"north": { "uv": [0, 0, 14, 6], "texture": "#0" },
				"east": { "uv": [0, 0, 10, 6], "texture": "#0" },
				"south": { "uv": [0, 0, 14, 6], "texture": "#0" },
				"west": { "uv": [0, 0, 10, 6], "texture": "#0" },
				"up": { "uv": [0, 0, 14, 10], "texture": "#0" },
				"down": { "uv": [0, 0, 14, 10], "texture": "#0" }
			}
		},
		{
			"from": [3, 0, 1],
			"to": [13, 6, 15],
			"faces": {
				"north": { "uv": [0, 0, 10, 6], "texture": "#0" },
				"east": { "uv": [0, 0, 14, 6], "texture": "#0" },
				"south": { "uv": [0, 0, 10, 6], "texture": "#0" },
				"west": { "uv": [0, 0, 14, 6], "texture": "#0" },
				"up": { "uv": [0, 0, 10, 14], "texture": "#0" },
				"down": { "uv": [0, 0, 10, 14], "texture": "#0" }
			}
		},
		{
			"from": [2, -1, 2],
			"to": [14, 6, 14],
			"faces": {
				"north": { "uv": [0, 0, 12, 7], "texture": "#0" },
				"east": { "uv": [0, 0, 12, 7], "texture": "#0" },
				"south": { "uv": [0, 0, 12, 7], "texture": "#0" },
				"west": { "uv": [0, 0, 12, 7], "texture": "#0" },
				"up": { "uv": [0, 0, 12, 12], "texture": "#0" },
				"down": { "uv": [0, 0, 12, 12], "texture": "#0" }
			}
		},
		{
			"from": [1, 4, 2],
			"to": [15, 10, 14],
			"faces": {
				"north": { "uv": [0, 0, 14, 6], "texture": "#0" },
				"east": { "uv": [0, 0, 12, 6], "texture": "#0" },
				"south": { "uv": [0, 0, 14, 6], "texture": "#0" },
				"west": { "uv": [0, 0, 12, 6], "texture": "#0" },
				"up": { "uv": [0, 0, 14, 12], "texture": "#0" },
				"down": { "uv": [0, 0, 14, 12], "texture": "#0" }
			}
		},
		{
			"from": [0, 4, 3],
			"to": [16, 10, 13],
			"faces": {
				"north": { "uv": [0, 0, 16, 6], "texture": "#0" },
				"east": { "uv": [0, 0, 10, 6], "texture": "#0" },
				"south": { "uv": [0, 0, 16, 6], "texture": "#0" },
				"west": { "uv": [0, 0, 10, 6], "texture": "#0" },
				"up": { "uv": [0, 0, 16, 10], "texture": "#0" },
				"down": { "uv": [0, 0, 16, 10], "texture": "#0" }
			}
		},
		{
			"from": [3, 4, 15],
			"to": [13, 10, 16],
			"faces": {
				"north": { "uv": [0, 0, 10, 6], "texture": "#0" },
				"east": { "uv": [0, 0, 1, 6], "texture": "#0" },
				"south": { "uv": [0, 0, 10, 6], "texture": "#0" },
				"west": { "uv": [0, 0, 1, 6], "texture": "#0" },
				"up": { "uv": [0, 0, 10, 1], "texture": "#0" },
				"down": { "uv": [0, 0, 10, 1], "texture": "#0" }
			}
		},
		{
			"from": [2, 4, 14],
			"to": [14, 10, 15],
			"faces": {
				"north": { "uv": [0, 0, 12, 6], "texture": "#0" },
				"east": { "uv": [0, 0, 1, 6], "texture": "#0" },
				"south": { "uv": [0, 0, 12, 6], "texture": "#0" },
				"west": { "uv": [0, 0, 1, 6], "texture": "#0" },
				"up": { "uv": [0, 0, 12, 1], "texture": "#0" },
				"down": { "uv": [0, 0, 12, 1], "texture": "#0" }
			}
		},
		{
			"from": [2, 4, 1],
			"to": [14, 10, 2],
			"faces": {
				"north": { "uv": [0, 0, 12, 6], "texture": "#0" },
				"east": { "uv": [0, 0, 1, 6], "texture": "#0" },
				"south": { "uv": [0, 0, 12, 6], "texture": "#0" },
				"west": { "uv": [0, 0, 1, 6], "texture": "#0" },
				"up": { "uv": [0, 0, 12, 1], "texture": "#0" },
				"down": { "uv": [0, 0, 12, 1], "texture": "#0" }
			}
		},
		{
			"from": [3, 4, 0],
			"to": [13, 10, 1],
			"faces": {
				"north": { "uv": [0, 0, 10, 6], "texture": "#0" },
				"east": { "uv": [0, 0, 1, 6], "texture": "#0" },
				"south": { "uv": [0, 0, 10, 6], "texture": "#0" },
				"west": { "uv": [0, 0, 1, 6], "texture": "#0" },
				"up": { "uv": [0, 0, 10, 1], "texture": "#0" },
				"down": { "uv": [0, 0, 10, 1], "texture": "#0" }
			}
		},
		{
			"from": [2.98894, 16.99359, 3.76746],
			"to": [12.98894, 20.99359, 13.76746],
			"rotation": {
				"angle": -22.5,
				"axis": "x",
				"origin": [7.99418, 13.99358, 11.67889]
			},
			"faces": {
				"north": { "uv": [0, 0, 10, 5], "texture": "#1" },
				"east": { "uv": [0, 0, 13, 5], "texture": "#1" },
				"south": { "uv": [3, 8, 13, 12], "texture": "#2" },
				"west": { "uv": [0, 0, 13, 5], "texture": "#1" },
				"up": { "uv": [0, 0, 10, 13], "texture": "#1" },
				"down": { "uv": [6, 6, 16, 16], "texture": "#3" }
			}
		},
		{
			"from": [1, 10, 3],
			"to": [3, 14, 13],
			"faces": {
				"north": { "uv": [0, 0, 2, 4], "texture": "#1" },
				"east": { "uv": [0, 0, 10, 4], "texture": "#1" },
				"south": { "uv": [0, 0, 2, 4], "texture": "#1" },
				"west": { "uv": [0, 0, 10, 4], "texture": "#1" },
				"up": { "uv": [0, 0, 2, 10], "texture": "#1" },
				"down": { "uv": [0, 0, 2, 10], "texture": "#1" }
			}
		},
		{
			"from": [3, 10, 1],
			"to": [13, 14, 3.5],
			"faces": {
				"north": { "uv": [0, 0, 10, 4], "texture": "#1" },
				"east": { "uv": [0, 0, 12, 4], "texture": "#1" },
				"south": { "uv": [3, 3, 13, 7], "texture": "#3" },
				"west": { "uv": [0, 0, 12, 4], "texture": "#1" },
				"up": { "uv": [0, 0, 10, 12], "texture": "#1" },
				"down": { "uv": [0, 0, 10, 12], "texture": "#1" }
			}
		},
		{
			"from": [2.98894, 12.99359, 12.51746],
			"to": [12.98894, 16.99359, 15.51746],
			"rotation": {
				"angle": -22.5,
				"axis": "x",
				"origin": [7.99418, 13.99358, 11.67889]
			},
			"faces": {
				"east": { "uv": [13, 12, 16, 16], "texture": "#2" },
				"south": { "uv": [3, 12, 13, 16], "texture": "#2" },
				"west": { "uv": [0, 12, 3, 16], "texture": "#2" }
			}
		},
		{
			"from": [2, 15.24356, 3.65],
			"to": [3, 19.24356, 12.65],
			"rotation": {
				"angle": -22.5,
				"axis": "x",
				"origin": [7.99418, 13.99358, 11.67889]
			},
			"faces": {
				"north": { "uv": [0, 0, 12, 4], "texture": "#1" },
				"east": { "uv": [0, 0, 9, 4], "texture": "#1" },
				"south": { "uv": [0, 0, 12, 4], "texture": "#1" },
				"west": { "uv": [0, 0, 9, 4], "texture": "#1" },
				"up": { "uv": [0, 0, 12, 9], "texture": "#1" },
				"down": { "uv": [4, 7, 16, 16], "texture": "#3" }
			}
		},
		{
			"from": [3.5, 5, 13],
			"to": [5.5, 7, 19],
			"rotation": {
				"angle": 22.5,
				"axis": "x",
				"origin": [4.5, 6, 16.5]
			},
			"faces": {
				"north": { "uv": [0, 0, 2, 2], "texture": "#3" },
				"east": { "uv": [0, 0, 6, 2], "texture": "#3" },
				"south": { "uv": [0, 0, 2, 2], "texture": "#3" },
				"west": { "uv": [0, 0, 5, 2], "texture": "#3" },
				"up": { "uv": [0, 0, 2, 6], "texture": "#3" },
				"down": { "uv": [0, 0, 2, 5], "texture": "#3" }
			}
		},
		{
			"from": [4, -1.5, 17.5],
			"to": [5, 4.5, 18.5],
			"rotation": {
				"angle": -22.5,
				"axis": "x",
				"origin": [4.5, 6, 16.5]
			},
			"faces": {
				"north": {
					"uv": [0, 0, 2, 5],
					"rotation": 180,
					"texture": "#3"
				},
				"east": {
					"uv": [0, 0, 5, 2],
					"rotation": 270,
					"texture": "#3"
				},
				"south": { "uv": [0, 0, 2, 5], "texture": "#3" },
				"west": { "uv": [0, 0, 5, 2], "rotation": 90, "texture": "#3" },
				"up": { "uv": [0, 0, 2, 2], "rotation": 180, "texture": "#3" },
				"down": { "uv": [0, 0, 2, 2], "texture": "#3" }
			}
		},
		{
			"from": [11, -1.5, 17.5],
			"to": [12, 4.5, 18.5],
			"rotation": {
				"angle": -45,
				"axis": "x",
				"origin": [11.5, 6, 16.5]
			},
			"faces": {
				"north": {
					"uv": [0, 0, 2, 5],
					"rotation": 180,
					"texture": "#3"
				},
				"east": {
					"uv": [0, 0, 5, 2],
					"rotation": 270,
					"texture": "#3"
				},
				"south": { "uv": [0, 0, 2, 5], "texture": "#3" },
				"west": { "uv": [0, 0, 5, 2], "rotation": 90, "texture": "#3" },
				"up": { "uv": [0, 0, 2, 2], "rotation": 180, "texture": "#3" },
				"down": { "uv": [0, 0, 2, 2], "texture": "#3" }
			}
		},
		{
			"from": [10.5, 5, 13],
			"to": [12.5, 7, 19],
			"faces": {
				"north": { "uv": [0, 0, 2, 2], "texture": "#3" },
				"east": { "uv": [0, 0, 6, 2], "texture": "#3" },
				"south": { "uv": [0, 0, 2, 2], "texture": "#3" },
				"west": { "uv": [0, 0, 6, 2], "texture": "#3" },
				"up": { "uv": [0, 0, 2, 6], "texture": "#3" },
				"down": { "uv": [0, 0, 2, 5], "texture": "#3" }
			}
		},
		{
			"from": [15.5, -3.75, 13.25],
			"to": [16.5, 3.25, 14.25],
			"rotation": { "angle": -45, "axis": "x", "origin": [16, 6, 12.5] },
			"faces": {
				"north": {
					"uv": [0, 0, 2, 5],
					"rotation": 180,
					"texture": "#3"
				},
				"east": {
					"uv": [0, 0, 5, 2],
					"rotation": 270,
					"texture": "#3"
				},
				"south": { "uv": [0, 0, 2, 5], "texture": "#3" },
				"west": { "uv": [0, 0, 5, 2], "rotation": 90, "texture": "#3" },
				"up": { "uv": [0, 0, 2, 2], "rotation": 180, "texture": "#3" },
				"down": { "uv": [0, 0, 2, 2], "texture": "#3" }
			}
		},
		{
			"from": [15, 5, 10],
			"to": [17, 7, 16],
			"rotation": { "angle": 22.5, "axis": "x", "origin": [16, 6, 12.5] },
			"faces": {
				"north": { "uv": [0, 0, 2, 2], "texture": "#3" },
				"east": { "uv": [0, 0, 6, 2], "texture": "#3" },
				"south": { "uv": [0, 0, 2, 2], "texture": "#3" },
				"west": { "uv": [0, 0, 6, 2], "texture": "#3" },
				"up": { "uv": [0, 0, 2, 5], "texture": "#3" },
				"down": { "uv": [0, 0, 2, 5], "texture": "#3" }
			}
		},
		{
			"from": [-0.5, 6.75, 15.25],
			"to": [0.5, 7.75, 22.25],
			"rotation": { "angle": 22.5, "axis": "x", "origin": [0, 6, 12.5] },
			"faces": {
				"north": { "uv": [0, 0, 2, 2], "texture": "#3" },
				"east": { "uv": [0, 0, 5, 2], "texture": "#3" },
				"south": { "uv": [0, 0, 2, 2], "texture": "#3" },
				"west": { "uv": [0, 0, 5, 2], "texture": "#3" },
				"up": { "uv": [0, 0, 2, 5], "texture": "#3" },
				"down": { "uv": [0, 0, 2, 5], "texture": "#3" }
			}
		},
		{
			"from": [-1, 5, 10],
			"to": [1, 7, 16],
			"faces": {
				"north": { "uv": [0, 0, 2, 2], "texture": "#3" },
				"east": { "uv": [0, 0, 6, 2], "texture": "#3" },
				"south": { "uv": [0, 0, 2, 2], "texture": "#3" },
				"west": { "uv": [0, 0, 6, 2], "texture": "#3" },
				"up": { "uv": [0, 0, 2, 5], "texture": "#3" },
				"down": { "uv": [0, 0, 2, 5], "texture": "#3" }
			}
		},
		{
			"from": [13.51581, 3.84653, 0.42639],
			"to": [15.51581, 5.84653, 4.42639],
			"faces": {
				"north": { "uv": [0, 0, 2, 2], "texture": "#3" },
				"east": { "uv": [0, 0, 4, 2], "texture": "#3" },
				"south": { "uv": [0, 0, 2, 2], "texture": "#3" },
				"west": { "uv": [0, 0, 6, 2], "texture": "#3" },
				"up": { "uv": [0, 0, 2, 5], "rotation": 180, "texture": "#3" },
				"down": { "uv": [0, 0, 2, 5], "rotation": 180, "texture": "#3" }
			}
		},
		{
			"from": [14.01599, -0.85433, -0.05205],
			"to": [15.01599, 4.14567, 0.94795],
			"rotation": {
				"angle": 45,
				"axis": "x",
				"origin": [14.51599, 3.44376, 1.11737]
			},
			"faces": {
				"north": {
					"uv": [0, 0, 2, 5],
					"rotation": 180,
					"texture": "#3"
				},
				"east": {
					"uv": [0, 0, 5, 2],
					"rotation": 270,
					"texture": "#3"
				},
				"south": { "uv": [0, 0, 2, 5], "texture": "#3" },
				"west": { "uv": [0, 0, 5, 2], "rotation": 90, "texture": "#3" },
				"up": { "uv": [0, 0, 2, 2], "rotation": 180, "texture": "#3" },
				"down": { "uv": [0, 0, 2, 2], "texture": "#3" }
			}
		},
		{
			"from": [1, 2.5, -0.5],
			"to": [2, 7.5, 0.5],
			"rotation": {
				"angle": 22.5,
				"axis": "x",
				"origin": [1.5, 4, -7.5]
			},
			"faces": {
				"north": {
					"uv": [0, 0, 2, 5],
					"rotation": 180,
					"texture": "#3"
				},
				"east": {
					"uv": [0, 0, 5, 2],
					"rotation": 270,
					"texture": "#3"
				},
				"south": { "uv": [0, 0, 2, 5], "texture": "#3" },
				"west": { "uv": [0, 0, 5, 2], "rotation": 90, "texture": "#3" },
				"up": { "uv": [0, 0, 2, 2], "rotation": 180, "texture": "#3" },
				"down": { "uv": [0, 0, 2, 2], "texture": "#3" }
			}
		},
		{
			"from": [0.5, 0, 0],
			"to": [2.5, 2, 4],
			"rotation": {
				"angle": -22.5,
				"axis": "x",
				"origin": [1.5, 4, -7.5]
			},
			"faces": {
				"north": { "uv": [0, 0, 2, 2], "texture": "#3" },
				"east": { "uv": [0, 0, 4, 2], "texture": "#3" },
				"south": { "uv": [0, 0, 2, 2], "texture": "#3" },
				"west": { "uv": [0, 0, 6, 2], "texture": "#3" },
				"up": { "uv": [0, 0, 2, 5], "rotation": 180, "texture": "#3" },
				"down": { "uv": [0, 0, 2, 5], "rotation": 180, "texture": "#3" }
			}
		},
		{
			"from": [4.5, -1, -2.25],
			"to": [5.5, 4, -1.25],
			"rotation": {
				"angle": 45,
				"axis": "x",
				"origin": [5.0158, 4.8465, -0.5736]
			},
			"faces": {
				"north": {
					"uv": [0, 0, 2, 5],
					"rotation": 180,
					"texture": "#3"
				},
				"east": {
					"uv": [0, 0, 5, 2],
					"rotation": 270,
					"texture": "#3"
				},
				"south": { "uv": [0, 0, 2, 5], "texture": "#3" },
				"west": { "uv": [0, 0, 5, 2], "rotation": 90, "texture": "#3" },
				"up": { "uv": [0, 0, 2, 2], "rotation": 180, "texture": "#3" },
				"down": { "uv": [0, 0, 2, 2], "texture": "#3" }
			}
		},
		{
			"from": [4.01581, 3.84653, -2.57361],
			"to": [6.01581, 5.84653, 1.42639],
			"faces": {
				"north": { "uv": [0, 0, 2, 2], "texture": "#3" },
				"east": { "uv": [0, 0, 4, 2], "texture": "#3" },
				"south": { "uv": [0, 0, 2, 2], "texture": "#3" },
				"west": { "uv": [0, 0, 6, 2], "texture": "#3" },
				"up": { "uv": [0, 0, 2, 5], "rotation": 180, "texture": "#3" },
				"down": { "uv": [0, 0, 2, 5], "rotation": 180, "texture": "#3" }
			}
		},
		{
			"from": [10.5, 2.5, -3.5],
			"to": [11.5, 7.5, -2.5],
			"rotation": {
				"angle": 22.5,
				"axis": "x",
				"origin": [11, 4, -10.5]
			},
			"faces": {
				"north": {
					"uv": [0, 0, 2, 5],
					"rotation": 180,
					"texture": "#3"
				},
				"east": {
					"uv": [0, 0, 5, 2],
					"rotation": 270,
					"texture": "#3"
				},
				"south": { "uv": [0, 0, 2, 5], "texture": "#3" },
				"west": { "uv": [0, 0, 5, 2], "rotation": 90, "texture": "#3" },
				"up": { "uv": [0, 0, 2, 2], "rotation": 180, "texture": "#3" },
				"down": { "uv": [0, 0, 2, 2], "texture": "#3" }
			}
		},
		{
			"from": [10, 0, -3],
			"to": [12, 2, 1],
			"rotation": {
				"angle": -22.5,
				"axis": "x",
				"origin": [11, 4, -10.5]
			},
			"faces": {
				"north": { "uv": [0, 0, 2, 2], "texture": "#3" },
				"east": { "uv": [0, 0, 4, 2], "texture": "#3" },
				"south": { "uv": [0, 0, 2, 2], "texture": "#3" },
				"west": { "uv": [0, 0, 6, 2], "texture": "#3" },
				"up": { "uv": [0, 0, 2, 5], "rotation": 180, "texture": "#3" },
				"down": { "uv": [0, 0, 2, 5], "rotation": 180, "texture": "#3" }
			}
		},
		{
			"from": [13, 10, 3],
			"to": [15, 14, 13],
			"faces": {
				"north": { "uv": [0, 0, 2, 4], "texture": "#1" },
				"east": { "uv": [0, 0, 10, 4], "texture": "#1" },
				"south": { "uv": [0, 0, 2, 4], "texture": "#1" },
				"west": { "uv": [0, 0, 10, 4], "texture": "#1" },
				"up": { "uv": [0, 0, 2, 10], "texture": "#1" },
				"down": { "uv": [0, 0, 2, 10], "texture": "#1" }
			}
		},
		{
			"from": [3, 9.99359, 13.01746],
			"to": [13, 13.99359, 16.01746],
			"faces": {
				"east": { "uv": [13, 16, 16, 12], "texture": "#2" },
				"south": { "uv": [3, 16, 13, 12], "texture": "#2" },
				"west": { "uv": [0, 16, 3, 12], "texture": "#2" },
				"down": { "uv": [0, 0, 0, 0], "texture": "#1" }
			}
		},
		{
			"from": [3, 10.01, 4],
			"to": [13, 10.01, 16],
			"faces": {
				"north": { "uv": [0, 0, 10, 0], "texture": "#1" },
				"east": { "uv": [0, 0, 12, 0], "texture": "#1" },
				"south": { "uv": [0, 0, 10, 0], "texture": "#1" },
				"west": { "uv": [0, 0, 12, 0], "texture": "#1" },
				"up": { "uv": [0, 0, 10, 12], "texture": "#1" },
				"down": { "uv": [0, 0, 10, 12], "texture": "#1" }
			}
		},
		{
			"from": [3, 10.1, 3],
			"to": [13, 10.1, 12],
			"faces": {
				"north": { "uv": [0, 0, 10, 0], "texture": "#1" },
				"east": { "uv": [0, 0, 9, 0], "texture": "#1" },
				"south": { "uv": [0, 0, 10, 0], "texture": "#1" },
				"west": { "uv": [0, 0, 9, 0], "texture": "#1" },
				"up": { "uv": [6, 7, 16, 16], "texture": "#3" },
				"down": { "uv": [0, 0, 10, 9], "texture": "#1" }
			}
		},
		{
			"from": [13, 13.5, 7.15],
			"to": [14, 15.5, 12.15],
			"faces": {
				"north": { "uv": [0, 0, 1, 2], "texture": "#1" },
				"east": { "uv": [0, 0, 5, 2], "texture": "#1" },
				"south": { "uv": [0, 0, 1, 2], "texture": "#1" },
				"west": { "uv": [0, 0, 5, 2], "texture": "#1" },
				"up": { "uv": [0, 0, 1, 5], "texture": "#1" },
				"down": { "uv": [0, 0, 1, 5], "texture": "#1" }
			}
		},
		{
			"from": [2, 13.5, 7.15],
			"to": [3, 15.5, 12.15],
			"faces": {
				"north": { "uv": [0, 0, 1, 2], "texture": "#1" },
				"east": { "uv": [0, 0, 5, 2], "texture": "#1" },
				"south": { "uv": [0, 0, 1, 2], "texture": "#1" },
				"west": { "uv": [0, 0, 5, 2], "texture": "#1" },
				"up": { "uv": [0, 0, 1, 5], "texture": "#1" },
				"down": { "uv": [0, 0, 1, 5], "texture": "#1" }
			}
		},
		{
			"from": [3.001, 10.001, 3],
			"to": [3.001, 16.001, 8],
			"faces": {
				"north": { "uv": [0, 0, 0, 4], "texture": "#1" },
				"east": { "uv": [11, 12, 16, 16], "texture": "#3" },
				"south": { "uv": [0, 0, 0, 4], "texture": "#1" },
				"west": { "uv": [0, 0, 9, 4], "texture": "#3" },
				"up": { "uv": [0, 0, 0, 9], "texture": "#3" },
				"down": { "uv": [0, 0, 0, 9], "texture": "#1" }
			}
		},
		{
			"from": [12.999, 10.001, 3],
			"to": [12.999, 16.001, 8],
			"faces": {
				"north": { "uv": [0, 0, 0, 4], "texture": "#1" },
				"east": { "uv": [11, 12, 16, 16], "texture": "#3" },
				"south": { "uv": [0, 0, 0, 4], "texture": "#1" },
				"west": { "uv": [11, 12, 16, 16], "texture": "#3" },
				"up": { "uv": [0, 0, 0, 9], "texture": "#3" },
				"down": { "uv": [0, 0, 0, 9], "texture": "#1" }
			}
		},
		{
			"from": [13.00467, 15.24356, 3.65],
			"to": [14.00467, 19.24356, 12.65],
			"rotation": {
				"angle": -22.5,
				"axis": "x",
				"origin": [7.99418, 13.99358, 11.67889]
			},
			"faces": {
				"north": { "uv": [0, 0, 12, 4], "texture": "#1" },
				"east": { "uv": [0, 0, 9, 4], "texture": "#1" },
				"south": { "uv": [0, 0, 12, 4], "texture": "#1" },
				"west": { "uv": [0, 0, 9, 4], "texture": "#1" },
				"up": { "uv": [0, 0, 12, 9], "texture": "#1" },
				"down": { "uv": [4, 7, 16, 16], "texture": "#3" }
			}
		},
		{
			"from": [2.98894, 17, 13.51746],
			"to": [12.98894, 17, 15.51746],
			"rotation": {
				"angle": -22.5,
				"axis": "x",
				"origin": [7.99418, 13.99358, 11.67889]
			},
			"faces": {
				"east": { "uv": [13, 12, 16, 16], "texture": "#2" },
				"south": { "uv": [3, 12, 13, 16], "texture": "#2" },
				"west": { "uv": [0, 12, 3, 16], "texture": "#2" },
				"up": { "uv": [0, 0, 8, 2], "texture": "#1" },
				"down": { "uv": [0, 0, 0, 0], "texture": "#1" }
			}
		}
	],
	"display": {
		"thirdperson_righthand": {
			"translation": [0, 2, 3.75],
			"scale": [0.31, 0.31, -0.31]
		},
		"thirdperson_lefthand": {
			"translation": [0, 2, 3.75],
			"scale": [0.31, 0.31, -0.31]
		},
		"firstperson_righthand": {
			"rotation": [14, -167, 5],
			"translation": [0, 0, 1.5],
			"scale": [0.5, 0.5, 0.5]
		},
		"firstperson_lefthand": {
			"rotation": [14, -167, 5],
			"translation": [0, 0, 1.5],
			"scale": [0.5, 0.5, 0.5]
		},
		"ground": {
			"translation": [0, 3.25, 0],
			"scale": [0.63, 0.63, 0.63]
		},
		"gui": {
			"rotation": [16, -54, 0],
			"translation": [0.75, -0.25, 0],
			"scale": [0.5, 0.5, 0.5]
		},
		"head": {
			"translation": [0, -9, 0],
			"scale": [4, 4, -4]
		},
		"fixed": {
			"rotation": [0, 180, 0],
			"scale": [0.8, 0.8, 0.8]
		}
	},
	"groups": [
		{
			"name": "group",
			"children": [
				0, 1, 2, 3, 4, 5, 6, 7, 8, 9, 10, 11, 12, 13, 14, 15, 16, 17,
				18, 19, 20, 21, 22, 23, 24, 25, 26, 27, 28, 29, 30, 31, 32, 33,
				34, 35, 36, 37, 38, 39
			]
		}
	]
}
