{
	"credit": "Made with Blockbench",
	"parent": "ut:item/move/character/frisk/save/main",
	"gui_light": "side",
	"display": {
		"thirdperson_righthand": {
			"translation": [0, -0.75, 2],
			"scale": [0, 0, 0]
		},
		"thirdperson_lefthand": {
			"translation": [0, -0.75, 2],
			"scale": [0, 0, 0]
		},
		"firstperson_righthand": {
			"rotation": [0, -19, 0],
			"translation": [0, 6, 0],
			"scale": [0.5, 0.5, 0.5]
		},
		"firstperson_lefthand": {
			"rotation": [0, -19, 0],
			"translation": [0, 6, 0],
			"scale": [0.5, 0.5, 0.5]
		},
		"ground": {
			"translation": [0, 16, 0]
		},
		"gui": {
			"rotation": [30, -30, 0],
			"translation": [0.25, 5, 0],
			"scale": [0.7, 0.7, 0.7]
		},
		"head": {
			"translation": [0, 4.5, -6.5]
		},
		"fixed": {
			"translation": [0, 8, 0]
		}
	}
}